{"cameraMode":{"drawMode":0,"name":"Shaded","section":"Shading Mode"},"sceneLighting":true,"audioPlay":false,"sceneViewState":{"showFog":true,"showMaterialUpdate":false,"showSkybox":true,"showFlares":true,"showImageEffects":true,"showParticleSystems":true},"in2DMode":false,"pivot":{"x":24.360864639282228,"y":1.8885807991027833,"z":64.5215072631836},"rotation":{"x":0.1392897218465805,"y":-0.5080744028091431,"z":0.08367166668176651,"w":0.8458474278450012},"size":5.589969635009766,"orthographic":true}