{"cameraMode":{"drawMode":0,"name":"Shaded","section":"Shading Mode"},"sceneLighting":false,"audioPlay":false,"sceneViewState":{"showFog":true,"showMaterialUpdate":false,"showSkybox":true,"showFlares":true,"showImageEffects":true,"showParticleSystems":true},"in2DMode":false,"pivot":{"x":-1.5199999809265137,"y":2.5399999618530275,"z":0.5699999928474426},"rotation":{"x":0.1392897218465805,"y":-0.5080744028091431,"z":0.08367166668176651,"w":0.8458474278450012},"size":1.368107795715332,"orthographic":true}