{"cameraMode":{"drawMode":0,"name":"Shaded","section":"Shading Mode"},"sceneLighting":false,"audioPlay":false,"sceneViewState":{"showFog":true,"showMaterialUpdate":false,"showSkybox":true,"showFlares":true,"showImageEffects":true,"showParticleSystems":true},"in2DMode":false,"pivot":{"x":0.4650000333786011,"y":0.8500000238418579,"z":0.4999999701976776},"rotation":{"x":-0.31892991065979006,"y":0.5467046499252319,"z":-0.23651769757270814,"w":-0.7371954321861267},"size":2.4919369220733644,"orthographic":false}