{"cameraMode":{"drawMode":0,"name":"Shaded","section":"Shading Mode"},"sceneLighting":false,"audioPlay":false,"sceneViewState":{"showFog":true,"showMaterialUpdate":false,"showSkybox":true,"showFlares":true,"showImageEffects":true,"showParticleSystems":true},"in2DMode":false,"pivot":{"x":-0.0025450140237808229,"y":-0.0159241184592247,"z":0.0},"rotation":{"x":-0.31892991065979006,"y":0.5467046499252319,"z":-0.23651769757270814,"w":-0.7371954321861267},"size":0.7335655093193054,"orthographic":false}